,counts_control_rep1,counts_selected_rep1,counts_control_rep2,counts_selected_rep2,counts_control_rep3,counts_selected_rep3
p.Tyr602Tyr,100,256,308,378,505,509
p.Ile606Ile,1361,2026,2814,2829,4391,3931
603_PTC,100,407,428,550,615,600
p.Ile606Val,822,1358,1899,1881,2461,2285
TSC2_p.Thr603Ser_c.1807A>T,405,757,929,816,1780,1724
604_PTC,105,268,225,534,511,510
TSC2_p.Thr603Ala_c.1807A>G,579,749,1236,905,1637,1326
TSC2_p.Pro605Leu_c.1814C>T,272,566,547,716,1071,963
silent_var,8012,12638,16635,16695,25884,20002
p.Thr603Thr,757,1196,1516,1744,2188,2536
TSC2_p.Pro605Ala_c.1813C>G,114,179,264,370,579,477
p.Ala607Thr,746,1256,1821,1863,2413,2096
605_PTC,255,759,732,1181,1148,1422
TSC2_p.Arg611Gln_c.1832G>A,428,1248,1227,1715,1945,1923
TSC2_p.Ser608Asn_c.1823G>A,317,515,886,695,1407,1486
p.Leu604Leu,360,564,788,666,1134,715
TSC2_p.Thr603Ser_c.1808C>G,955,1831,2761,2424,3840,3459
602_PTC,28,77,76,66,101,59
REF,70055,112341,140621,132977,433464,347349
TSC2_p.Ala607Glu_c.1820C>A,1123,2779,2583,4337,4531,5093
TSC2_p.Thr603Ile_c.1808C>T,386,725,1049,1005,1620,1410
TSC2_p.Ser609Gly_c.1825A>G,368,599,917,830,1742,1210
606_PTC,1720,5015,4026,6783,6262,7647
TSC2_p.Ser608Thr_c.1823G>C,614,1125,1597,1707,2608,2298
TSC2_p.Ile606Met_c.1818C>G,875,1570,1992,2214,2906,2871
TSC2_p.Tyr602Cys_c.1805A>G,189,286,304,383,603,467
p.Ala607Val,1027,1830,2213,2492,3345,3042
TSC2_p.Pro605Thr_c.1813C>A,106,267,365,325,526,469
TSC2_p.Arg611Gly_c.1831C>G,2088,5581,4802,7745,7746,8526
p.Pro605Pro_1,565,1016,1217,1105,1998,2069
TSC2_p.Pro605Ser_c.1813C>T,154,283,430,412,601,461
TSC2_p.Ala607Gly_c.1820C>G,1138,2526,3181,3273,4823,4298
TSC2_p.Arg611Trp_c.1831C>T,1893,5143,3775,5679,5307,5954
p.Pro605Pro_2,677,1250,1297,1349,2453,1776
p.Ala607Ala,439,666,966,1019,1263,1094
TSC2_p.Ile610Val_c.1828A>G,1517,1922,2897,2940,4521,4289