"","kmer","counts"
"1","acactgagttcctgacaggcctgggccggctcatcgagctgaa","73"
"2","acactgggttcctgacgggcctgggccggctcatcgagctgaa","89"
"3","acactgagttgctgacgggcctgggccggctcatcgagctgaa","129"
"4","acgctgagttcctgacgggcctgggccggctcatcgagctgaa","162"
"5","acacttgattcctgacgggcctgggccggctcatcgagctgaa","104"
"6","acacggagttcctgacgggcctgggccggctcatcgagctgaa","33291"
"7","acactgagttcctgacgggctgaggccggctcatcgagctgaa","29"
"8","acaccgagttcctgacgggcctgggccggctcatcgagctgaa","375"
"9","acactgagttcctgacggtcctgggccggctcatcgagctgaa","28"
"10","acactgagttcctgacgggcctgggccagctcatcgagctgaa","31"
"11","actgagagttcctgacgggcctgggccggctcatcgagctgaa","91"
"12","acactgagttcctgacgtgactgggccggctcatcgagctgaa","51"
"13","acactgagttcctgacgggcctgggccggctctgagagctgaa","22"
"14","acactgagttcctgaccggcctgggccggctcatcgagctgaa","73"
"15","acactgagttcctgacgggcctgagccggctcatcgagctgaa","49"
"16","acactgagttcctgacgggcctgggccggctcatcgaactgaa","18"
"17","acactgagttcctgacgggcctgggccggctcattgagctgaa","5"
"18","acactgagttcctgatgggcctgggccggctcatcgagctgaa","40"
"19","acactgagttcctgacgagcctgggccggctcatcgagctgaa","141"
"20","acactgagttcctgacgggcctgggccggctcatcgagtgaaa","3"
"21","acacagagttcctgacgggcctgggccggctcatcgagctgaa","121"
"22","acactgagttcctgacgggcctgggccggttcatcgagctgaa","8"
"23","acactgagttcctgacgggcctgggccggctcatcgagcggaa","30"
"24","acactgagttcctgacgggcctgggccggctcatcaagctgaa","22"
"25","acactgagttcctgacgggcctgggccggctcatcgagctgaa","1703"
"26","acactgagttcctgaagggcctgggccggctcatcgagctgaa","29"
"27","acactgagttcctgacgggcctggaccggctcatcgagctgaa","111"
"28","acactgagttcctgtgaggcctgggccggctcatcgagctgaa","169"
"29","acactgagttcctgacgggcctgggccggctcatggagctgaa","37"
"30","acactgagttcctgacgggcctaggccggctcatcgagctgaa","38"
"31","acactgagttcctgacgggcctgggctgactcatcgagctgaa","22"
"32","acactgagttcctgacgggcctgtgacggctcatcgagctgaa","81"
"33","acactcagttcctgacgggcctgggccggctcatcgagctgaa","355"
"34","acactgagttcctgacgggcgtgggccggctcatcgagctgaa","75"
"35","acactgagttcctgacgggcctgggccggtgaatcgagctgaa","39"
"36","acactgagttcctgacgggcctgggctggctcatcgagctgaa","47"
"37","acactgagttcctgacgggcctgggccggctcatcgtgctgaa","33"
"38","acactgagttcctgacgggcctgggccggctcatagagctgaa","20"
"39","acactgagttcctgacgggcctggtccggctcatcgagctgaa","99"
"40","acactgaattcctgacgggcctgggccggctcatcgagctgaa","20"
"41","acactgagtttctgacgggcctgggccggctcatcgagctgaa","43"
"42","acactgagttcctgacgggcctgggccggctcatcgagctgag","4"
"43","acactgagttcctgacgggcctgggccggctcatcgagccgaa","6"
"44","acactgagttcctgacgggcccgggccggctcatcgagctgaa","57"
"45","acactgagtgactgacgggcctgggccggctcatcgagctgaa","137"
"46","acactgagttcctgacgggcctgggccggcgcatcgagctgaa","34"
"47","acactgagttctgaacgggcctgggccggctcatcgagctgaa","29"
"48","acactgagttcctgacgggcctgggccggctcatctgactgaa","10"
"49","acactgagttcctgacgggcctgggccggctcaccgagctgaa","19"
"50","acattgagttcctgacgggcctgggccggctcatcgagctgaa","22"
"51","acactgagttcctgacgggccggggccggctcatcgagctgaa","102"
"52","gcactgagttcctgacgggcctgggccggctcatcgagctgaa","179"
